Inc,LC39A,LC40,SLC4E
42.98,342.0,,
43.0,281.25,300.75,318.0
43.01,294.5,296.241935483871,
52.99,276.0,,
53.0,314.0,355.57142857142856,
53.01,388.0,300.0,
53.04,583.0,,
53.05,278.0,289.5,294.0
53.06,,,293.8333333333333
53.15,,281.0,287.3333333333333
53.16,278.25,292.75,279.375
53.17,,284.0,291.9375
53.18,,,344.0
53.2,334.0,,
53.21,316.5,315.0,
53.22,331.42857142857144,336.7692307692308,322.6
53.23,339.0,337.0,
69.99,,,279.0
70.0,,,314.2
70.01,,,331.0
97.6,,,273.0
97.66,,,319.0
97.67,,,326.5
